倍	-mal			
拐	abbiegen		Wanderstab	w
岔	abbiegen		abzweigen	a
遮	abblenden			
斷	abbrechen			
禪	abdanken			
罩	abdecken			
套	Abdeckung			
閉	abdichten			
夕	Abenddämmerung		chin. Neujahr	w
暮	Abenddämmerung		Spätfrühling	w
袍	Abendkleid			
晚	abends			
奈	aber		aushalten	a
但	aber		trotzdem	a
垃	Abfall			
槽	Abflussrinne			
詢	abfragen			
輿	Abfuhr			
僻	abgelegen			
捨	abgewöhnen			
崖	Abgrund			
斬	abhacken			
坡	Abhang			
逃	abhauen			
攢	abholen		einsammeln	w
蘊	abholen		lagern	w
依	abhängig sein			
裔	Abkomme		entferntes Land	a
昆	Abkomme		älterer Bruder	a
汰	ablegen			
卸	ablösen			
啃	abnagen			
摘	abpflücken			
乍	abrupt			
剔	abschaben			
擋	abschirmen		blockieren	w
蔽	abschirmen		verbergen	w
截	abschneiden			
部	Abschnitt			
陡	abschüssig		steil	a
峭	abschüssig		Abgrund	w
銷	absetzen			
絕	absolut			
泌	absondern			
沱	abspringen			
妄	absurd		Wunschtraum	w
謬	absurd		lächerlich	w
辭	abtreten		abdanken	w
遜	abtreten		Amazonas	n
歧	abweichend			
拒	abweisen			
衡	abwiegen			
斟	abwägen		Ab	p
酌	abwägen		aB	p
數	abzählen			
啊	ach			
嚄	Ach was!			
瑪	Achat			
軸	Achse			
肩	Achsel			
轄	Achsnagel			
八	acht		normal	d
捌	acht		finanz.	d
肅	achtungsvoll		feierlich	a
恭	achtungsvoll		Glückwunsch	w
加	addieren			
鷹	Adler			
址	Adresse			
猴	Affe			
阿	ah!			
祖	Ahne			
楓	Ahorn			
哎	Ai!		Autsch!	w
唉	Ai!		Oje!	a
欸	Ai!		Hey!	a
戲	Akt			
檔	Akte			
腔	Akzent			
納	akzeptieren			
傻	albern			
愚	Albernheit		Ab	p
蠢	Albernheit		aB	p
鹼	Alkali			
酒	Alkohol		Bar	w
醇	Alkohol		Ethanol	w
喻	Allegorie			
獨	allein			
皆	allesamt			
普	allgemein			
漸	allmählich			
於	als			
宛	als ob		genau wie	a
猶	als ob		Hemmung	w
若	als ob...			
古	alt		Antike	w
老	alt		Lehrer	w
翁	alter Mann			
鋁	Aluminium			
最	am meisten			
晝	am Tage			
滸	am Wasser			
蟻	Ameise			
美	Amerika			
酉	Amphore			
任	Amt			
晾	an der Luft			
曬	an der Sonne trocknen			
軋	an erster Stelle			
壟	an sich reißen			
析	analysieren			
蓄	anbauen			
繫	anbinden			
蛀	anbohren			
煳	anbrennen		Essen	d
祈	Andacht			
而	andererseits			
另	anders			
串	aneinanderreihen			
扇	anfachen			
始	anfangen			
沾	anfeuchten		berühren	a
濡	anfeuchten		tränken	a
籲	anflehen			
附	anfügen			
魁	Anführer			
務	Angelegenheit			
漁	angeln		Fischkutter	w
釣	angeln		Angel	w
妥	angemessen			
配	angleichen			
犯	angreifen			
慮	Angst			
恐	Angst haben			
巴	anhaften			
停	anhalten			
抬	anheben			
疊	anhäufen			
崗	Anhöhe			
恿	animieren			
錨	Anker			
泊	ankern			
狀	Anklage			
到	ankommen			
宣	ankündigen		Propaganda	w
告	ankündigen		Werbung	w
佈	Ankündigung			
卉	Anlagen			
亢	anmaßend			
賃	anmieten			
曼	anmutig			
娜	Anna			
收	annehmen			
咐	anordnen			
栽	anpflanzen			
激	anregen			
紋	anreißen		Fingerabdruck	w
蹟	anreißen		anzeichnen	a
購	anschaffen			
看	anschauen		Buch	f
視	anschauen		Fernsehen	f
瞻	anschauen		mit Respekt ~	w
漲	anschwellen		Aufschwung	w
脹	anschwellen		Inflation	w
臃	anschwellen		fett	w
譽	Ansehen			
引	anspannen			
唆	anspornen			
潑	anspritzen			
瞪	anstarren			
捅	anstubsen			
答	Antwort			
應	antworten			
託	anvertrauen		beauftragen	a
托	anvertrauen		in der Hand halten	a
令	anweisen			
用	anwenden			
廈	Anwesen			
穿	anziehen			
蘋	Apfel			
儀	Apparat			
杏	Aprikose			
工	Arbeit			
當	arbeiten als			
域	Areal			
貧	arm		mangelhaft	a
窮	arm		aufgebraucht	a
胳	Arm		Armbeuge	w
臂	Arm		Oberarm	a
鐲	Armband			
錶	Armbanduhr			
軍	Armee			
驕	arrogant			
樣	Art			
良	artig			
醫	Arzt			
灰	Asche			
亞	Asien			
襄	assistieren		formell	d
輔	assistieren		Nachhilfe	w
枝	Ast			
息	Atem			
擊	Attacke			
攻	attackieren			
的	Attributpartikel			
茄	Aubergine			
也	auch			
馱	auf dem Rücken tragen			
泛	auf dem Wasser treiben			
爾	auf diese Weise			
彷	auf und ab gehen		Ab	p
徨	auf und ab gehen		aB	p
搭	aufbauen			
貯	aufbewahren			
竭	aufbrauchen			
撬	aufbrechen			
蘇	auferstehen			
撈	auffischen			
演	aufführen			
盛	auffüllen			
廢	aufgeben		Ruine	w
棄	aufgeben		wegwerfen	w
困	aufgeschmissen sein			
障	aufhalten		Hindernis	w
弭	aufhalten		entfernen	a
撿	aufheben			
趕	aufholen			
掛	aufhängen		sich anmelden	w
吊	aufhängen		sich erhängen	w
積	aufhäufen			
竅	aufklappend			
澄	aufklären			
伺	auflauern			
潰	auflösen			
攝	aufnehmen			
犧	aufopfern			
監	Aufpasser			
正	aufrecht		jetzt gerade	a
挺	aufrecht		kräftig	w
紉	aufreihen			
摯	aufrichtig		freimütig	w
侃	aufrichtig		liebenswürdig	a
卷	aufrollen			
喊	Aufruf			
喚	aufrufen			
鬨	Aufruhr			
剖	aufschneiden			
解	aufschnüren			
邱	Aufschüttung			
董	Aufsicht führen			
繃	aufspannen			
纏	aufspulen			
跺	aufstampfen			
起	aufstehen			
昇	aufsteigen		ansteigen (Börse)	w
騰	aufsteigen		brodeln	w
設	aufstellen		Ausrüstung	w
駕	aufstellen		Führerschein	w
蹋	aufsuchen			
浮	auftauchen			
劈	aufteilen			
塗	auftragen			
聳	auftürmen			
醒	aufwachen			
憬	aufwecken			
繞	aufwickeln			
燉	aufwärmen			
誌	Aufzeichnung			
養	aufziehen		Nahrung	w
飼	aufziehen		züchten	w
睛	Augapfel			
目	Auge		Radikal	d
眼	Auge		komplett	d
眉	Augenbraue			
眶	Augenhöhle			
瞼	Augenlid			
絨	aus Wolle			
呼	ausatmen			
削	ausbeuten		aB	p
剝	ausbeuten		Ab	p
鋪	ausbreiten			
醞	ausbrüten			
毅	Ausdauer			
延	ausdehnen			
訊	ausfragen			
施	ausführen		Maßnahme	w
履	ausführen		Lebenslauf	w
填	ausfüllen			
資	Ausgaben			
浩	ausgedehnt			
枯	ausgedorrt			
暢	ausgelassen			
佳	ausgezeichnet			
挖	ausgraben		Ab	p
掘	ausgraben		aB	p
持	aushalten		beibehalten	w
耐	aushalten		Geduld	w
熬	aushalten		hartes Leben	d
遞	aushändigen			
掏	aushölen			
磕	ausklopfen			
偵	auskundschaften			
陳	auslegen			
借	ausleihen			
殲	auslöschen			
趁	ausnutzen			
榨	auspressen			
充	ausreichend			
歇	ausruhen			
譴	ausschimpfen			
攆	ausschließen			
濫	ausschließlich			
裁	ausschneiden			
姿	Aussehen		Geste	w
顯	aussehen		demonstrieren	w
貌	Aussehen		Höflichkeit	w
發	aussenden			
羅	aussieben			
簸	aussortieren			
伸	ausstrecken			
挑	aussuchen			
遷	austauschen			
唬	austricksen			
僑	Auswanderer			
躲	ausweichen		verstecken	w
趾	ausweichen		Zeh	w
驅	ausweisen			
揀	auswählen		sortieren	w
擇	auswählen		Partnersuche	w
脫	ausziehen			
籤	Autogramm			
釜	Autoklav			
殊	außergewöhnlich		unterschiedlich	a
瑰	außergewöhnlich		Rose	w
斤	Axt		Radikal	d
斧	Axt		komplett	d
叭	ba			
娃	Baby			
川	Bach		Sichuan	n
溪	Bach		Flüsschen	d
烘	backen			
澡	Bad			
浴	baden			
菌	Bakterium			
竹	Bambus		Feuerwerk	w
筠	Bambus		Haut	d
筐	Bambuskorb			
笆	Bambusmatte			
筍	Bambussprossen			
蕉	Banane			
冊	Band		Buch	d
匪	Bandit		Räuber	a
寇	Bandit		einmarschieren	a
棚	Baracke			
番	Barbar		Tomate	w
獸	Barbar		Monster	w
蠻	barbarisch			
鬍	Bart			
肚	Bauch			
築	bauen			
木	Baum		Radikal	g
樹	Baum		komplett	g
悠	baumeln			
幹	Baumstamm			
棉	Baumwolle			
紗	Baumwollgarn			
循	beachten		befolgen	a
睬	beachten		ignorieren	w
臣	Beamte			
官	Beamter			
督	beaufsichtigen			
委	beauftragen			
抖	beben			
池	Becken			
憾	bedauern		bedauernswert	w
悔	bedauern		jammern	w
惋	bedauern		Bedauern	w
懊	bedauern		bedrücken	w
摀	bedecken			
偉	bedeutend			
謂	Bedeutung			
侍	bedienen			
嚇	bedrohen		einschüchtern	a
憋	bedrückt			
趨	beeilen			
完	beenden		vollständig	w
畢	beenden		Abschluss	w
喪	Beerdigung			
莓	Beere			
懦	befangen			
吩	befehlen			
攬	befestigen			
瑕	beflecken			
順	befolgen			
賑	befreien			
畸	befremdend			
晉	befördert werden			
懼	befürchten			
晤	begegnen			
欲	Begierde		ohne Herz	g
慾	Begierde		mit Herz	g
灌	begießen			
初	Beginn			
陪	begleiten			
埋	begraben			
悟	begreifen		verstehen	w
限	begrenzen			
迎	begrüßen			
待	behandeln			
炕	beheizte Schlafbank			
尹	beherrschen			
妨	behindern			
慎	behutsam			
倆	beide			
艾	Beifuß			
括	beifügen			
腿	Bein			
含	beinhalten		enthalten	w
涵	beinhalten		Intention	w
撇	beiseite lassen			
例	Beispiel		Maßstab	w
範	Beispiel		Musterbeispiel	w
咬	beißen			
頒	bekanntgeben			
擔	beladen			
侮	beleidigen			
曝	Belichtung			
酬	Belohnung			
娛	belustigen			
繪	bemalen			
憐	bemitleiden			
勉	bemühen			
羨	beneiden			
舒	bequem			
計	berechnen			
山	Berg			
嶺	Bergkette			
灑	berieseln			
職	Beruf			
摸	berühren		abtasten	w
碰	berühren		begegnen	w
觸	berühren		Kontakt	w
謙	bescheiden			
饋	beschenken			
罵	beschimpfen			
賴	beschuldigen		angewiesen sein	w
怨	beschuldigen		meckern	w
損	beschädigen		Verlust	w
毀	beschädigen		Vernichtung	w
忙	beschäftigt		im Büro	f
碌	beschäftigt		zu Hause	f
窘	beschämt		Bedrängnis	w
慚	beschämt		rot werden	f
愧	beschämt		Gewissensbisse	w
護	beschützen			
除	beseitigen			
掃	Besen		aufräumen	w
帚	Besen		Feger	w
覽	besichtigen			
殖	besiedeln			
尤	besonders			
憂	besorgt			
優	besorgt sein			
談	besprechen			
濺	bespritzen			
愈	bessern			
葬	bestatten			
賄	Bestechung		Ab	p
賂	Bestechung		aB	p
登	besteigen			
定	bestimmen			
剛	beständig			
證	Bestätigung			
訪	besuchen		Zugriff	w
赴	besuchen		gehen	a
賓	Besucher			
檳	Betelnuss			
禱	beten			
款	Betrag			
詐	Betrug; Schwindel; Schaden; Übel; Nachteil			
醉	betrunken		Betäubung	w
酗	betrunken		Alkoholkrankheit	w
悽	betrübt			
騙	betrügen			
床	Bett			
毯	Bettdecke			
乞	betteln			
丐	Bettler			
操	betätigen			
曲	Beuge			
驚	beunruhigen			
評	beurteilen			
囊	Beutel			
守	bewachen		Nachtwächter	f
衛	bewachen		Badezimmer	w
維	bewahren			
餞	bewahrt			
動	bewegen			
估	bewerten			
使	bewirken		Botschaft (Land)	w
致	bewirken		Übereinstimmung	w
仰	bewundern		Glaube	w
慕	bewundern		beneiden	w
賞	bewundern		Auszeichnung	w
溉	bewässern		Bewässerungssystem	w
沃	bewässern		fruchtbar	a
陰	bewölkt			
付	bezahlen			
稱	bezeichnen			
蜂	Biene			
啤	Bier			
予	bieten			
畫	Bild			
賤	billig		(herablassend!)	d
廉	billig		günstig	w
束	binden			
傳	Biographie			
梨	Birne			
至	bis			
儘	bis aufs äußerste			
迄	bis jetzt			
請	bitte			
苦	bitter			
吹	blasen			
葉	Blatt			
藍	blau			
鉛	Blei			
留	bleiben			
矚	Blick			
盲	blind		planlos	w
瞎	blind		Blindschleiche	f
瞥	blinzeln			
閃	Blitz			
滯	blockieren		stagnieren	w
阻	blockieren		verhindern	w
僅	bloß			
泡	blubbern			
花	Blume		Blüte	a
朵	Blume		Ohr	w
血	Blut			
翠	bläulich grün			
地	Boden			
弓	Bogen			
豆	Bohne			
鑽	bohren			
舟	Boot		normal	d
艘	Boot		ZEW	d
艇	Boot		Marineschiff	w
闆	Boss			
閨	Boudoir			
業	Branche			
燒	braten		Fieber haben	w
炒	braten		gebratener Reis	w
煎	braten		abkochen	a
需	brauchen			
釀	brauen		Bier	d
棕	braun			
乖	brav			
折	brechen			
緯	Breitengrad			
剎	bremsen			
柴	Brennholz			
薪	Brennmaterial			
鴻	Brief		Gans	a
札	Brief		formell	d
函	Briefumschlag			
團	Brigade			
煌	brillant			
錦	Brokat			
井	Brunnen			
胸	Brust		Ab	p
膛	Brust		aB	p
暴	brutal			
橋	Brücke			
沏	brühen			
吼	brüllen			
書	Buch			
訂	buchen			
頁	Buchseite			
灣	Bucht		Taiwan	n
澳	Bucht		Australien	n
佛	Buddha			
尼	Buddhistische Nonne			
廟	buddhistischer tempel			
咣	Bumm!			
遛	bummeln			
州	Bundesland			
彩	bunt			
乳	Busen			
熊	Bär			
凶	böse			
躬	bücken			
熨	bügeln			
局	Büro			
僚	Bürokrat			
刷	bürsten			
蔡	Cai			
鈣	Calcium			
蘑	Champignon		Ab	p
菇	Champignon		aB	p
蜴	Chamäleon			
亂	Chaos			
芝	Chicago			
華	China			
鸝	chinesischer Pirol			
菊	Chrysantheme			
聰	clever			
丑	Clown			
膏	Creme			
喱	Curry			
茅	Dachstroh			
簷	Dachvorsprung			
汽	Dampf			
饅	Dampfbrötchen			
籠	Dampfkorb			
謝	danken			
申	darlegen			
腸	Darm			
那	das			
元	das Erste			
棗	Datteln			
拇	Daumen			
辯	debattieren			
蓋	Deckel			
疵	Defekt			
虧	Defizit			
貶	degradieren			
塘	Deich		Teich	w
堤	Deich		gegen Flut	d
壩	Deich		von Reservoir	d
轅	Deichsel			
旬	Dekade			
闢	dementieren		einschneidend	a
迪	den rechten Weg weisen			
鄧	Deng			
惟	Denken			
碑	Denkmal			
然	dennoch			
乙	der Zweite			
其	derart			
殃	Desaster		Pech haben	w
禍	Desaster		Autounfall	w
詳	detailliert			
昭	deutlich			
臘	Dezember			
密	dicht			
厚	dick		Brett	f
胖	dick		fett	a
賊	Dieb			
為	dienen als			
傭	Diener			
僕	Dienstmädchen			
斯	dies			
這	dieser			
物	Ding			
議	diskutieren			
紀	Disziplin			
懲	disziplinieren			
芹	Doldengewächs			
馴	domestizieren			
雷	Donner			
霹	Donnerschlag		Ab	p
靂	Donnerschlag		aB	p
兼	doppelt			
村	Dorf		Land	w
莊	Dorf		seriös	w
刺	Dorn		verspotten	w
棘	Dorn		störrisch	w
罐	Dose			
龍	Drache			
劇	Drama			
踐	drauftreten			
污	Dreck		Korruption	w
穢	Dreck		schamlos	w
髒	dreckig			
扭	drehen		ungeschickt	w
滾	drehen		rollen	a
旋	drehen		Melodie	w
絞	drehen		zusammen-	d
三	drei			
卅	dreißig			
訓	dressieren			
漂	driften			
急	dringend			
丙	dritter Himmelsstamm			
版	Druckplatte			
闖	drängeln			
催	drängen		vorantreiben	a
勸	drängen		Ermahnung	w
促	drängen		anspornen	w
壓	drücken			
你	du		normal	d
妳	du		weiblich	d
香	Duft		Banane	w
芬	Duft		Beethoven	n
薰	duften			
馨	duftend		mild	w
噴	duftend		niesen	w
芳	duftend		wohlriechend	w
煬	duftete			
呆	dumm			
餃	Dumpling			
暗	dunkel			
滄	dunkelblau			
緋	dunkelrot		Liebesaffäre	w
殷	dunkelrot		reichlich	a
氛	Dunst			
邁	Duplikation			
複	duplizieren			
瀏	durchblättern			
貫	durchbohren			
瀉	Durchfall			
承	durchführen		Verpflichtung	w
搞	durchführen		auf Trab bringen	w
歷	durchmachen			
渥	durchnässen			
澈	durchsichtig			
透	durchsickern		Osmose	w
漓	durchsickern		Fluss	n
勾	durchstreichen			
浸	durchtränken			
涉	durchwaten			
渴	durstig			
朝	Dynastie			
昏	Dämmerung			
朦	dämmrig			
魔	Dämon		Satan	w
妖	Dämon		finstere Kräfte	w
煞	Dämon		Bremse	w
拗	dümmlich			
細	dünn			
旱	Dürre			
均	eben			
亦	ebenso			
響	Echo			
真	echt			
稜	Ecke		Prisma	w
楞	Ecke		Tischkante	w
瑜	Edelstein			
效	Effekt			
婚	Ehe			
婦	Ehefrau		macht Hausarbeit...	d
妻	Ehefrau		sie ist verheiratet!	d
夫	Ehemann			
榮	Ehre			
恪	ehrerbietig			
誠	ehrlich			
蛋	Ei			
誓	Eid			
蜥	Eidechse			
妒	eifersüchtig			
奮	eifrig			
擅	eigenmächtig			
並	eigentlich			
桶	Eimer			
稍	ein wenig			
侵	eindringen			
梗	eindämmen			
悅	eine Freude machen			
拓	einen Steinabrieb machen			
易	einfach		Handel	w
儉	einfach		bedürfnislos	a
惶	eingeschüchter			
臟	Eingeweide			
淩	eingreifen			
些	einige			
盟	Einigkeit			
匝	einkreisen			
邀	einladen			
閣	Einlegeboden			
鑲	einlegen		Ab	p
嵌	einlegen		aB	p
序	Einleitung			
遍	einmal			
占	einnehmen		Marktanteil	w
拎	einnehmen		schleppen	a
敷	einreiben			
呈	einreichen			
一	eins		normal	d
壹	eins		finanz.	d
寂	einsam		Ab	p
寞	einsam		aB	p
輯	einsammeln		Redakteur	w
攏	einsammeln		aufrücken	w
囑	einschärfen			
雇	einstellen		Angestellter	w
聘	einstellen		Stellenanzeige	w
綴	einstellen		schmücken	w
倒	einstürzen			
入	eintreten			
裹	einwickeln			
征	einziehen		Militär	d
唯	einzig			
柵	Einzäunung			
冰	Eis			
鐵	Eisen			
凜	eiskalt			
象	Elefanten			
秀	elegant			
電	Elektrizität			
橢	Ellipse			
鵲	Elster			
胎	Embryo		Reifen	w
碧	Emerald			
冒	emittieren			
情	Emotion			
接	empfangen			
薦	empfehlen			
涌	emporsteigen			
末	Ende		Wochenende	w
終	Ende		Endstation	w
渺	endlos			
緊	eng		nervös	w
狹	eng		begrenzt	w
英	England			
圳	Engwässerungsgraben			
揭	enhüllen			
孫	Enkel			
痊	entdecken			
鴨	Ente			
展	entfalten		Entwicklung	w
衍	entfalten		redundant	a
撤	entfernen			
遠	entfernt		unendlich	w
遼	entfernt		weiträumig	w
距	Entfernung			
反	entgegengesetzt			
洩	enthüllen			
逸	entkommen			
沿	entlang			
決	entscheiden			
堅	entschlossen			
歉	entschuldigen			
償	entschädigen			
慘	entsetzlich			
鬆	entspannen			
鎮	entspannt			
憑	entsprechend			
惘	enttäuscht			
溜	entwischen			
炎	Entzündung			
酶	Enym			
代	Epoche			
他	er			
造	erbauen			
吐	Erbrechen		aB	p
嘔	Erbrechen		Ab	p
豌	Erbse			
狽	erbärmlich			
震	Erdbeben			
土	Erde			
丘	Erdhügel		Hügelland	w
阜	Erdhügel		reichlich	a
壤	Erdreich			
摟	erfassen			
究	erforschen		eigentlich	w
糾	erforschen		Korrektur	w
欣	erfreut			
握	ergreifen			
隆	erhaben			
受	erhalten			
徵	erheben			
憶	erinnern			
扒	erklettern			
闡	erklären			
患	erkranken			
探	erkunden			
得	erlangen			
讓	erlauben		Kompromiss	w
允	erlauben		gestatten	w
准	erlauben		genehmigen	w
遭	erleiden			
釋	erläutern			
斥	ermahnen			
勵	ermutigen			
倦	ermüded			
厲	ernst		streng	w
懇	ernst		fleißig	w
鄭	ernst		ernst	w
達	erreichen			
顫	erschauern			
見	erscheinen			
辟	erschließen			
滲	erschrecken			
疲	erschöpft		Ab	p
憊	erschöpft		aB	p
撼	erschüttern			
替	ersetzen			
儲	Ersparnis			
愕	erstaunt			
曦	Erste Sonnenstrahlen			
甲	erster Himmelsstamm			
綿	erstrecken			
忍	ertragen		durchhalten	w
堪	ertragen		peinlich	w
淹	ertrinken		überfluten	w
溺	ertrinken		verhätscheln	w
盼	erwarten			
擴	erweitern			
暖	erwärmen			
育	erziehen			
姆	Erzieherin			
啟	eröffnen			
論	erörtern			
它	es		Ding	d
牠	es		Tier	d
驢	Esel			
押	eskortieren			
吃	essen			
烹	Essen zubereiten		Ab	p
飪	Essen zubereiten		aB	p
醋	Essig			
筷	Essstäbchen		normal	d
箸	Essstäbchen		Dialekt	d
創	etwas  zustande bringen			
扛	etwas schultern			
抒	etwas äußern			
歐	Europa			
永	Ewigkeit			
準	exakt			
糞	Exkremente			
者	Experte			
爆	explodieren			
甚	extrem			
精	exzellent		Seele	w
嘉	exzellent		Gast	w
廠	Fabrik			
薄	fade			
線	Faden			
幟	Fahne		aB	p
旗	Fahne		Ab	p
駛	fahren			
苟	fahrlässig			
車	Fahrzeug		mit Rädern	d
輛	Fahrzeug		ZEW	d
系	Fakultät		System	w
係	Fakultät		Kontakt	w
隼	Falke			
案	Fall			
陷	Falle			
落	fallen		landen (Flugzeug)	w
墮	fallen		Abtreibung	w
錯	falsch			
挼	Falte			
蝶	Falter			
家	Familie			
眷	Familienangehöriger			
屬	Familienmitglied			
姓	Familienname			
獲	fangen		erlangen	a
捕	fangen		Ab	p
捉	fangen		aB	p
色	Farbe			
纖	Faser			
缸	Fass			
嘯	fauchen		schreien	w
噓	fauchen		pst!	a
懶	faul		spät aufstehen	w
緩	faul		Besänftigung	w
拳	Faust			
羽	Feder			
缺	fehlen			
誤	Fehler		missverstehen	w
訛	Fehler		erpressen	a
穆	feierlich			
慶	feiern			
節	Feiertag			
屑	Feilspäne			
敵	Feind		unbesiegbar	w
仇	Feind		Vergeltung	w
田	Feld		Toyota	n
嶄	Feld		neu	w
營	Feldquartier			
毛	Fell			
窗	Fenster			
假	Ferien			
遙	fern			
更	ferner			
跟	Ferse			
技	Fertigkeit			
拿	festhalten		Kanada	w
攜	festhalten		mitbringen	a
揪	festklammern			
陸	Festland			
拴	festmachen		anbinden	a
綁	festmachen		fesseln	w
宴	Festmahl			
逮	festnehmen			
脂	Fett		Ab	p
肥	fett		Diät	w
肪	Fett		aB	p
潤	feucht		Gewinn	w
澤	feucht		Moor	w
濕	Feuchtigkeit			
火	Feuer			
赤	feuerrot			
杉	Fichte			
伶	findig		Ab	p
俐	findig		aB	p
指	Finger			
螺	Fingerabdruck			
冥	finster			
魚	Fisch			
淺	flach		Gewässer	d
扁	flach		gepresst	d
坦	flach		eben	a
焰	Flamme			
逛	flanieren			
瓶	Flasche			
葫	Flaschenkürbis			
飄	flattern			
斑	Fleck			
蝙	Fledermaus		Ab	p
蝠	Fledermaus		aB	p
癮	flehend			
肉	Fleisch			
葷	Fleisch oder Fisch			
餚	Fleischspeisen			
勤	fleißig			
補	flicken			
蠅	Fliege			
飛	fliegen			
竄	fliehen			
熒	flimmernd			
嗲	flirtend			
鱗	Flocke			
酥	flockig			
旺	florierend			
鶴	Fluggerät			
河	Fluss			
洪	Flut			
笛	Flöte			
翅	Flügel		Vogel-	d
翼	Flügel		Flugzeug-	d
液	Flüssigkeit			
嘀	flüstern			
隨	folgen			
膜	Folie			
拋	formen			
坯	Formling			
搜	forschen			
森	Forst			
堡	Fort			
續	fortdauern			
去	fortgehen			
繼	fortsetzen		Fortsetzung	w
紹	fortsetzen		vorstellen	w
相	Foto			
照	fotografieren			
問	fragen			
麼	Fragepartikel			
女	Frau			
嫦	Frau im Mond			
閒	frei haben			
空	freie Zeit			
慨	freigiebig			
放	freilassen			
露	freilegen			
閑	Freizeit		Ab	p
暇	Freizeit		aB	p
外	fremd		Ausland	w
陌	fremd		befremdlich	w
朋	Freund			
友	Freundin			
藹	freundlich			
誼	Freundschaft			
安	Frieden		Sicherheit	w
寧	Frieden		vorzugsweise	w
泰	friedlich			
凍	frieren			
鮮	frisch			
炸	frittieren			
蛙	Frosch			
果	Frucht			
歡	fröhlich		Wilkommen!	w
愉	fröhlich		amüsant	w
早	früh			
夙	Frühe			
故	früherer			
春	Frühling			
狐	Fuchs			
礎	Fundament			
爍	funkeln			
憚	Furcht			
瘩	Furunkel			
屁	Furz			
足	Fuß		Fußball	w
腳	Fuß		Tier	f
尺	Fuß		1/3 Meter	d
呎	Fuß		englischer	d
能	fähig sein			
功	Fähigkeit			
伐	fällen		Baum	d
染	färben			
贊	fördern		Zustimmung	w
抵	fördern		boykottieren	a
贍	fördern		Lebensunterhalt	w
覺	fühlen			
導	führen			
滿	füllen			
餡	Füllung			
五	fünf			
怕	fürchten			
侯	Fürst			
喂	füttern			
襯	Fütterung		Kleidung	d
叉	Gabel			
丫	Gabelung			
膽	Gallenblase			
鵝	Gans			
頗	ganz			
帘	Gardine		Ladenschild	w
簾	Gardine		Vorhang	a
涮	garen			
飾	garnieren			
園	Garten		Zoo	w
圃	Garten		Gemüsebeet	w
耨	Gartenhacke			
氣	Gas			
巷	Gasse		Fahrspur	w
衚	Gasse		Ab	p
衕	Gasse		aB	p
坊	Gasse		Stadtteil	w
客	Gast			
澀	Gatter			
給	geben			
疇	Gebiet			
彎	gebogen			
生	geboren werden			
以	gebrauchen			
誕	Geburt			
辰	Geburtstag			
棟	Gebäude			
費	Gebühr			
叢	Gebüsch			
昌	gedeihend			
懷	gedenken			
詩	Gedicht			
賦	Gedicht schreiben			
宜	geeignet			
危	Gefahr			
虜	gefangen nehmen			
禽	Geflügel			
凝	gefrieren			
險	gefährlich		Versicherung	w
殆	gefährlich		fast	a
偽	gefälscht			
獄	Gefängnis			
壺	Gefäß			
感	Gefühl			
彼	Gegenseite			
互	gegenseitig			
秘	Geheimnis			
奧	geheimnisvoll			
拘	gehemmt			
走	gehen			
腦	Gehirn			
遵	gehorchen			
鬼	Geist			
瘋	geisteskrank			
婪	geizig		habgierig	w
吝	geizig		Ab	p
嗇	geizig		aB	p
摳	geizig		ausgraben	w
飯	gekochter Reis			
逍	gelassen			
黃	gelb			
錢	Geld			
鈔	Geldschein			
遇	Gelegenheit			
儒	Gelehrte			
士	Gelehrter			
場	Gelände			
闌	Geländer			
共	gemeinsam			
徐	gemächlich			
菜	Gemüse		aB	p
蔬	Gemüse		Ab	p
恰	genau			
將	General			
世	Generation		Welt	w
輩	Generation		Lebenszeit	a
癒	genesen			
脖	Genick			
享	genießen			
夠	genug			
齊	geordnet			
直	gerade			
甫	gerade jetzt			
爽	geradeheraus			
義	Gerechtigkeit			
庭	Gerichtshof			
訟	Gerichtsverfahren			
蔑	geringschätzen			
器	Gerät			
敞	geräumig			
噼	Geräusch		pfeifen	w
謠	Gerücht			
綱	Gerüst			
全	gesamt			
唄	Gesang		buddhistisch	d
史	Geschichte			
巧	geschickt			
性	Geschlecht			
鋒	geschliffen			
味	Geschmack			
速	Geschwindigkeit		Autobahn	w
馳	Geschwindigkeit		schnell fahren	w
膨	geschwollen		Inflation	w
腫	geschwollen		Tumor	w
瘡	Geschwür			
店	Geschäft			
律	Gesetz			
臉	Gesicht		Prestige	w
顏	Gesicht		Farbe	w
祟	Gespenst			
囉	gesprächig			
形	Gestalt			
架	Gestell			
昨	gestern			
健	gesund			
康	Gesundheit			
禾	Getreide		Heuballen	w
麥	Getreide		Mikrofon	w
穀	Getreide		Google	n
閘	Getriebe			
飲	Getränk			
賺	Gewinn machen			
贏	gewinnen			
某	gewisse			
兢	gewissenhaft			
賜	gewähren			
凡	gewöhnlich			
慣	gewöhnt			
貪	gierig			
注	gießen			
毒	Gift			
頂	Gipfel		Dach	w
峰	Gipfel		Höchstwert	w
輝	Glanz			
玻	Glas		Ab	p
璃	Glas		aB	p
平	glatt			
信	glauben			
同	gleich			
勻	gleichmäßig			
滑	gleiten			
鈴	Glocke			
耀	glorreich			
盯	glotzen			
福	Glück			
吉	glücklich			
賭	Glücksspiel			
瑞	glücksverheißend			
金	Gold			
鑼	Gong			
拜	Gottesdienst			
神	Gottheit			
墓	Grab		aB	p
墳	Grab		Ab	p
渠	Graben			
鑿	graben		meißeln	a
刨	graben		glätten	a
抓	grabschen			
度	Grad			
克	Gramm			
榴	Granatapfel			
沙	Granulat			
草	Gras			
鶯	Grasmücke			
岡	Grat			
賀	gratulieren		aB	p
祝	gratulieren		Ab	p
虐	grausam		quälen	w
狠	grausam		erbarmungslos	w
鍥	gravieren			
執	greifen			
境	Grenze		Umgebung	w
邊	Grenze		neben	w
疆	Grenze		Grenzgebiet	w
柄	Griff			
烤	grillen			
兇	grimmig			
粗	grob		Ab	p
魯	grob		aB	p
糙	grobkörnig			
嚕	grollen			
大	groß			
喬	groß gewachsen			
熙	großartig			
斗	Großer Wagen			
婆	Großmutter			
坑	Grube			
底	Grund		schlussendlich	w
緣	Grund		Isolierung	w
組	Gruppe			
綠	grün			
建	gründen		Empfehlung	w
奠	gründen		Grundstein legen	w
徹	gründlich			
基	Gründung			
瞅	gucken			
橡	Gummi		Ab	p
膠	Gummi		aB	p
惠	Gunst			
喉	Gurgel			
好	gut			
諳	gut kennen			
粱	gutes Essen			
敦	gutherzig			
慈	gutmütig			
箏	Guzheng			
祥	günstig			
帶	Gürtel			
恩	Güte			
髮	Haare			
翹	Haarschmuck			
辮	Haarzopf			
有	haben			
砍	hacken			
港	Hafen			
塢	Hafenbecken			
埠	Hafenstadt			
粘	haften			
雹	Hagel			
鉤	Haken			
半	halb			
廳	Halle			
桿	Halm		Mast	w
稈	Halm		Stengel	a
柯	Halm		Kokain	w
頸	Hals			
牢	haltbar			
把	halten		Griff	w
鉗	halten		Zange	w
站	Haltestelle			
態	Haltung			
錘	Hammer			
漢	Han			
手	Hand			
貿	Handel			
辦	handeln			
掌	Handfläche			
腕	Handgelenk			
匠	Handwerker			
麻	Hanf			
杭	Hangzhou			
融	harmonisch		auftauen	w
洽	harmonisch		Verhandlung	w
諧	harmonisch		witzig	w
硬	hart			
兔	Hase		normal	d
卯	Hase		Tierkreis	d
惡	hassen		böse	a
恨	hassen		bereuen	w
匆	hastig			
哈	hauchen			
堂	Hauptraum			
京	Hauptstadt			
房	Haus			
寵	Haustier			
膚	Haut			
揚	heben		loben	w
籬	Hecke			
簿	Heft			
悍	heftig			
頤	hegen			
療	heilen			
聖	heilig			
悄	heimlich			
窺	heimlich gucken			
姻	Heirat			
嫁	heiraten		einen Mann	d
娶	heiraten		eine Frau	d
怡	heiter			
躁	heißblütig			
傑	Held		Meisterwerk	w
俠	Held		Edelmann	w
豪	heldenhaft			
幫	helfen			
明	hell		morgen	w
皓	hell		weiß	a
戈	Hellebarde			
盔	Helm			
衫	Hemd			
縛	hemmen			
垂	herabhängen			
泄	herauslassen			
突	herausragen			
抽	herausziehen		rauchen	w
拔	herausziehen		über Meeresspiegel	w
企	herbeisehnen			
秋	Herbst			
爐	Herd		Ab	p
灶	Herd		aB	p
群	Herde			
哄	hereinlegen			
霸	herrisch			
君	Herrscher			
製	herstellen			
赫	Hertz			
遊	herumfahren			
慫	hervorrufen			
心	Herz			
螞	Heuschrecke		Ameise	w
蝗	Heuschrecke		Grashüpfer	a
今	heute			
巫	Hexe			
嘿	Hey!			
嗨	Hi			
此	hier und jetzt			
天	Himmel			
霞	Himmelsröte			
霄	Himmelszelt			
上	hinauf			
躥	hinaufspringen			
出	hinausgehen			
耽	hinausschieben			
捎	hinbringen			
礙	hindern			
進	hineingehen			
插	hineinstecken			
跌	hinfallen			
後	hinter			
下	hinunter			
俯	hinunterblicken			
鹿	Hirsch			
熱	Hitze		Leidenschaft	w
暑	Hitze		Sommerferien	w
高	hoch			
昂	hoch sein			
卓	hoch und gerade			
坪	Hochebene			
擎	hochhalten			
樓	Hochhaus		Stockwerk	d
幢	Hochhaus		ZEW	d
舉	hochheben		Veranstaltung	w
掀	hochheben		fördern	d
汛	Hochwasser			
蹲	hocken			
凳	Hocker			
廷	Hof			
希	hoffen			
岳	hoher Berg			
材	Holz			
俑	Holzfigur als Grabbeigabe			
桐	Holzölbaum			
蜜	Honig			
涯	Horizont			
匾	horizontales Banner mit Inschrift			
角	Horn			
褲	Hose			
淮	Huai		Fluss	d
蹄	Huf			
雞	Huhn			
幽	Humor			
蹣	humpeln		Ab	p
跚	humpeln		aB	p
瘸	humpeln		lahm	a
犬	Hund		Dackel	f
狗	Hund		Husky	f
戌	Hund		Tierkreis	d
釐	Hunderstel			
百	hundert			
億	hundert Millionen			
餓	Hunger			
飢	hungrig		Magenknurren	f
饑	hungrig		Hungersnot	w
餛	Huntun		Ab	p
飩	Huntun		aB	p
嘟	hupen			
嗽	husten		aB	p
咳	husten		Ab	p
帽	Hut			
嗄	Hä?			
囚	Häftling			
搓	Hände reiben			
商	Händler			
懸	hängen			
醜	hässlich		Skandal	w
陋	hässlich		karg	w
酋	Häuptling			
洞	Höhle		Ab	p
窟	Höhle		Grotte	w
穴	Höhle		aB	p
淵	Hölle			
聽	hören			
姣	hübsch			
腰	Hüfte			
岑	Hügel		kleiner Hügel	d
陵	Hügel		Hügelland	w
繭	Hühnerauge			
皮	Hülle			
躍	hüpfen		dynamisch	w
蹈	hüpfen		Tanz	w
蹦	hüpfen		lebhaft	w
吾	ich		förmlich	d
我	ich		normal	d
志	Ideal			
意	Idee			
籮	Idiot			
癡	idiotisch			
衷	im Herzen			
叼	im Mund halten			
預	im voraus			
仿	imitieren			
頻	immer wieder			
秉	in den Händen halten			
望	in die Ferne schauen			
向	in Richtung		Orientierung	w
往	in Richtung		oft	w
嚮	in Richtung		Reiseführer	w
庇	in Schutz nehmen			
個	individuell			
瘟	Infektion			
姜	Ingwer			
吸	inhalieren			
虛	inhaltslos			
倡	initiieren			
間	inmitten			
裡	innen			
內	innerhalb			
銘	Inschrift			
蟲	Insekt			
島	Insel		Ab	p
嶼	Insel		aB	p
察	inspizieren		Polizei	w
勘	inspizieren		Exploration	w
置	installieren			
院	Institution			
慧	intelligent			
烈	intensiv			
興	Interesse			
趣	interessieren			
裏	intern			
謀	Intrige			
焉	inwiefern			
伊	Irak			
幻	irreal			
惑	irreführen			
嗎	ja oder nein?			
褂	Jacke		Kleid	a
襖	Jacke		Mantel	a
琳	Jade		Rowling	n
玉	Jade		schön	a
瑩	jadeartiger Stein			
獵	jagen			
年	Jahr			
歲	Jahre			
季	Jahreszeit			
槐	Japanischer Schnurbaum			
茉	Jasmin		Ab	p
莉	Jasmin		aB	p
各	jede			
每	jeder			
逢	jederzeit			
現	jetzt			
蔣	Jiang			
耍	jonglieren			
癢	jucken			
鈞	Jun		Einheit	d
仔	jung			
夭	jung sterben			
郎	junger Mann			
寶	Juwel			
妹	jüngere Schwester			
弟	jüngerer Bruder			
艙	Kabine		Schiff	d
瓦	Kachel			
咖	Kaffee		Ab	p
啡	Kaffee		aB	p
皇	Kaiser		Caesar	f
帝	Kaiser		von China	f
后	Kaiserin			
曆	Kalender			
冷	kalt		Kalter Krieg	w
寒	kalt		Winterjacke	w
駝	Kamel		aB	p
駱	Kamel		Ab	p
梳	Kamm		kämmen	a
櫛	Kamm		auskämmen	a
溝	Kanal			
典	Kanon			
砲	Kanone		Böller	w
炮	Kanone		Granate	w
粵	Kanton			
量	Kapazität			
章	Kapitel			
降	kapitulieren			
揍	kaputtmachen			
鯉	Karpfen			
卡	Karte			
薯	Kartoffel			
癌	Karzinom			
檯	Kasse			
栗	Kastanie			
箱	Kasten			
羯	kastrierter Schafsbock			
類	Kategorie			
貓	Katze			
咀	kauen		Ab	p
嚼	kauen		aB	p
買	kaufen			
倉	Kaufhaus			
賈	Kaufmann			
嗓	Kehle		Stimme	a
嚨	Kehle		Gurgel	w
萌	keimen			
餅	Keks			
匕	Kelle			
識	kennen			
陶	Keramik			
伙	Kerl			
核	Kern			
蠟	Kerze		Ab	p
燭	Kerze		aB	p
鏈	Kette			
喘	keuchen			
貞	keusch			
松	Kiefer			
子	Kind		Radikal	g
孩	Kind		komplett	g
孝	kindlich		gehorsam	w
稚	kindlich		kindisch	a
傾	kippen			
櫻	Kirsche			
枕	Kissen			
族	Klan			
瓣	Klappe			
嗒	klapper klapper			
楚	klar		aB	p
清	klar		Ab	p
朗	klar		optimistisch	w
瀟	klares Wasser			
拍	klatschen			
貼	kleben			
糯	Klebreis			
裳	Kleid			
櫃	Kleiderschrank		Kommode	w
櫥	Kleiderschrank		Schaufenster	w
衣	Kleidung		Ab	p
服	Kleidung		aB	p
件	Kleidungsstück			
小	klein			
碟	kleiner Teller			
隹	kleiner Vogel			
嬰	Kleinkind			
微	Kleinst-			
爬	klettern		bergsteigen	w
攀	klettern		Kletterwand	f
岩	Kliff			
敲	klopfen		an die Tür	w
捶	klopfen		mit der Faust	d
塊	Klotz		ZEW	d
智	Klugheit			
童	Knabe			
轟	knallen			
短	knapp			
掐	kneifen		abpflücken	a
捏	kneifen		mit Fingern halten	a
掰	knicken			
膝	Knie			
跪	knien			
蒜	Knoblauch			
骨	Knochen			
髓	Knochenmark			
扣	Knopf		Rabatt	w
釦	Knopf		Beschlag	a
鈕	Knopf		Taste	w
芽	Knospe		Ableger	a
蕾	Knospe		Ballett	w
結	Knoten			
脆	knusprig			
煮	kochen		im Wasser	d
沸	kochen		Sieden	d
炊	kochen		Küchenrauch	w
煲	kochen		auf kleinem Feuer	d
燙	kochend heiß			
煤	Kohle		Ab	p
炭	Kohle		aB	p
碳	Kohlenstoff			
塌	kollabieren		Ab	p
垮	kollabieren		aB	p
衝	kollidieren			
併	kombinieren			
撫	Komfort			
帥	Kommandeur			
來	kommen			
敘	kommentieren			
通	kommunizieren			
賠	kompensieren			
盈	komplett			
誇	Kompliment			
繁	kompliziert			
編	komponieren			
凹	konkav			
姫	Konkubine		Kanji	d
姬	Konkubine		Taj Mahal	n
妃	Konkubine		Frau eines Prinzen	a
競	konkurrieren			
韌	konsequent			
構	konstruieren			
諮	konsultieren		trad	d
咨	konsultieren		simp	d
洲	Kontinent			
賬	Konto			
控	kontrollieren			
兌	konvertieren			
凸	konvex			
註	konzentrieren			
專	konzentriert			
協	kooperieren			
首	Kopf		Hauptstadt	w
頭	Kopf		Kopfhaar	w
珊	Koralle		Ab	p
瑚	Koralle		aB	p
籃	Korb			
韓	Korea			
粒	Korn			
廊	Korridor			
改	korrigieren			
嘗	kosten			
蝦	Krabbe		Hummer	w
蟹	Krabbe		Krebs (Sternbild)	w
嘈	Krach			
力	Kraft			
領	Kragen			
潦	krakelig			
爪	Kralle			
病	Krankheit		Defekt	w
症	Krankheit		Symptom	w
疾	Krankheit		Behinderung	w
瘓	Krankheit		Lähmung	w
劃	kratzen		zer-	d
搔	kratzen		jucken	d
撓	kratzen		behindern	w
圈	Kreis			
軲	kreiseln			
迴	kreisen			
淪	krepieren			
逵	Kreuzung			
戰	Krieg			
俘	Kriegsgefangener			
艦	Kriegsschiff			
晶	Kristall			
批	kritisieren			
鱷	Krokodil			
冠	Krone			
壇	Krug			
強	kräftig			
鴉	Krähe			
啼	krähen			
糕	Kuchen		Pudding	a
餑	Kuchen		Dampfbrötchen	a
球	Kugel			
培	kultivieren			
雅	kultiviert			
崑	Kunlun		Ab	p
崙	Kunlun		aB	p
藝	Kunst			
術	Kunstfertigkeit			
玲	kunstvoll		Ab	p
瓏	kunstvoll		aB	p
銅	Kupfer			
蘸	kurz eintauchen			
偎	kuscheln			
抗	kämpfen		Beschwerde	w
鬥	kämpfen		Schlacht	w
毆	kämpfen		zusammenschlagen	w
酪	Käse			
王	König			
可	können			
身	Körper		Figur	w
體	Körper		Gymnastik	w
廚	Küche			
蟑	Küchenschabe			
丹	Kügelchen			
涼	kühl			
蘆	Kürbis			
掄	küren			
吻	küssen			
灘	Küste			
啦	la		Cheerleader	w
喇	la		Megafon	w
笑	lachen			
漆	lackieren			
庫	Lagerhaus			
存	lagern			
癱	lahm			
燈	Lampe		Laterne	a
盞	Lampe		ZEW	d
國	Land			
縣	Landkreis			
農	Landwirtschaft			
長	lang			
詹	langatmig			
久	lange Zeit			
慢	langsam			
巾	Lappen			
由	lassen			
莠	lasterhaft			
榷	Laufsteg			
詼	launisch			
喧	laut			
活	Leben			
栩	lebendig			
齡	Lebensalter			
壽	Lebenserwartung			
侶	Lebensgefährte			
糧	Lebensmittel			
肝	Leber			
漏	Leck			
韋	Leder		Jacke	f
革	Leder		Schuhe	f
靠	lehnen			
師	Lehrer			
徒	Lehrling			
屍	Leiche			
輕	leicht			
貸	leihen			
屏	Leinwand			
胯	Leistengegend			
梯	Leiter			
課	Lektion			
學	lernen			
讀	lesen		vorlesen	d
閱	lesen		überfliegen	w
亮	leuchten			
螢	Leuchtkäfer			
里	Li			
廖	Liao			
螂	Libelle		Kakerlake	w
蜻	Libelle		Ab	p
蜓	Libelle		aB	p
光	Licht			
愛	Liebe			
睦	liebenswürdig			
歌	Lied			
送	liefern			
夾	liniert			
左	links			
唇	Lippe			
夷	liquidieren			
單	Liste			
俊	listig		charmant	w
刁	listig		durchtrieben	a
升	Liter			
荔	Litsche			
讚	loben		anpreisen	w
褒	loben		bewerten	w
孔	Loch		Konfuzius	n
窿	Loch		Schulden	w
理	Logik		Manager	w
邏	Logik		Patrouille	w
桂	Lorbeerbaum			
丢	lose			
散	lose werden			
蓮	Lotus		Lotussamen	w
荷	Lotus		Belastung	w
嘍	Lou!			
盧	Lu			
肺	Lunge			
洛	Luo			
逗	lustig			
奢	luxuriös			
鄉	ländlich			
匙	Löffel		Schlüssel	w
熄	löschen		Licht ausmachen	w
刪	löschen		radieren	a
劉	löschen		töten	a
拭	löschen		wegwischen	a
獅	Löwe			
呂	Lü			
謊	Lüge			
弄	machen			
威	Macht			
猖	machtvoll			
胃	Magen			
鎂	Magnesium			
磁	Magnet			
餐	Mahlzeit			
獼	Makake			
妝	Make-up			
宏	makro-			
次	Mal			
橘	Mandarine		orange	w
桔	Mandarine		Orangensaft	w
芒	Mang			
差	mangeln an			
欠	mangelnd			
男	Mann			
隊	Mannschaft			
稿	Manuskript			
牌	Marke			
標	Markierung			
市	Markt			
機	Maschine			
揉	massieren			
沛	massig			
桅	Mast			
料	Material			
褥	Matratze			
席	Matte			
壁	Mauer		Klippe	a
牆	Mauer		Stadtmauer	w
砌	mauern			
桑	Maulbeerbaum			
騾	Maultier			
鼠	Maus			
則	Maßstab			
媒	Medium			
藥	Medizin			
海	Meer			
主	Meister			
鬱	Melancholie			
瓜	Melone			
人	Mensch			
猿	Menschenaffe			
眾	Menschenmasse			
曹	Menschenschlag			
仁	Menschlichkeit			
測	messen			
刀	Messer			
譬	Metapher			
法	Methode			
都	Metropole			
租	Miete			
僱	mieten			
咪	miez!			
奶	Milch			
武	militärisch			
脾	Milz			
卑	minderwertig		Selbstmitleid	w
劣	minderwertig		schlimm	w
礦	Mine			
卿	Minister		alte Form	d
摻	mischen		am Arm halten	a
攪	mischen		nerven	a
違	missachten			
疑	misstrauen			
與	mit			
掂	mit der Hand abwägen			
載	mit etwas beladen sein			
睹	mitansehen			
員	Mitarbeiter			
處	miteinander auskommen			
參	mitmachen			
午	Mittag			
中	Mitte			
訴	mitteilen			
庸	mittelmäßig			
樞	Mittelpunkt			
呢	Modalpartikel			
型	Modell			
塑	modellieren			
欺	mogeln			
月	Mond			
蒙	Mongolei			
晨	Morgengrauen			
朽	morsch			
灸	Moxen			
畝	Mu			
口	Mund		Radikal	g
嘴	Mund		komplett	g
咧	Mund verziehen			
咕	murmeln			
糊	Mus			
貝	Muschel			
樂	Musik			
奏	musizieren			
肌	Muskel			
模	Muster		Imitat	w
格	Muster		Standard	a
勇	mutig			
鬚	mutig entgegentreten			
母	Mutter		Schrauben-	w
娘	Mutter		Stiefmutter	w
媽	Mutter		Mama	w
祕	mysteriös			
雄	mächtig			
妮	Mädchen			
想	möchten			
僧	Mönch			
搗	mörsern			
蚊	Mücke			
乏	müde		Dürre	w
累	müde		schwerfälig	a
勞	Mühe			
圾	Müll			
幣	Münze			
須	müssen			
臍	Nabel			
趴	nach vorne beugen		auf den Bauch legen	a
伏	nach vorne beugen		unterwerfen	a
摹	nachahmen			
鄰	Nachbar			
思	nachdenken			
審	nachforschen			
查	nachgucken			
宵	Nacht		Mitternacht	a
夜	Nacht		Nachtmarkt	w
蛾	Nachtfalter			
針	Nadel			
丁	Nagel		Radikal	g
釘	Nagel		komplett	g
近	nahe		kürzlich	w
傍	nahe		gegen Abend	w
瀕	nahe		am Meer	w
濱	nahe am Wasser			
名	Name			
榜	Namensliste			
痕	Narbe		Spur	w
疤	Narbe		Kratzer	a
鼻	Nase			
溼	nass			
淋	nass werden			
災	Naturkatastrophe			
航	navigieren			
霧	Nebel			
挨	neben			
甥	Neffe			
否	negieren			
取	nehmen			
嫉	Neid			
忌	neidisch sein			
不	nein			
煩	nerven		belästigen	w
佗	nerven		Tuo	n
窩	Nest		Tierbau	a
巢	Nest		Vogel-	w
網	Netz			
絡	Netzwerk			
新	neu		frisch	w
穎	neu		neuartig	w
九	neun		normal	d
玖	neun		finanz.	d
紐	New York			
別	nicht		andere	a
非	nicht		Präfix	d
沒	nicht haben			
甭	nicht nötig			
勿	nicht tun			
姪	Nichte			
瑣	nichtig			
無	Nichts			
盹	Nickerchen			
蹬	niederdrücken		mit dem Fuß	d
沮	niedergeschlagen			
抑	niederhalten			
敗	Niederlage			
屠	niedermetzeln			
低	niedrig		reduzieren	w
矮	niedrig		kleinwüchsig	a
莫	niemand			
腎	Niere			
嚏	niesen			
未	noch nicht			
縱	Nord-Süd			
北	Norden			
矩	Norm			
楷	Normalschrift			
麵	Nudel			
零	null			
號	Nummer			
只	nur			
乃	nur dann			
膀	Oberarm			
面	Oberfläche			
觀	observieren			
雖	obwohl			
詠	Ode			
或	oder			
窯	Ofen			
彰	offenbaren			
晰	offensichtlich			
獻	offerieren			
常	oft			
呀	Oh!		ya1	d
哦	Oh!		Aha!	d
噢	Oh!		Huch!	d
嗬	Oh!		he1	d
呦	Oh!		you1	d
暈	Ohnmacht			
耳	Ohr			
行	okay			
佔	okkupieren			
橄	oliv			
欖	Olive			
姥	Oma		mütterlich	d
叔	Onkel		väterlich älter	d
舅	Onkel		mütterlich	d
伯	Onkel		väterlich jünger	d
爺	Opa			
齣	Oper		ZEW	d
祭	opfern		Ab	p
祀	opfern		aB	p
牲	Opfertier			
裕	opulent			
猩	Orang Utan			
橙	orange			
蘭	Orchidee			
第	Ordinalzahl			
秩	Ordnung		bestellen	w
倫	Ordnung		London	n
措	organisieren			
颶	Orkan			
東	Osten			
卵	Ovum			
洋	Ozean			
雙	Paar			
槳	Paddel			
包	Paket			
宮	Palast			
柚	Pampelmuse			
慌	Panik			
鸚	Papagei		Ab	p
鵡	Papagei		aB	p
爹	Papi			
紙	Papier			
楊	Pappel			
黨	Partei			
偏	parteiisch			
嘛	Partikel		logisch!	d
矣	Partikel		wie 了	d
伴	Partner			
乘	Passagier			
合	passen			
適	passend			
過	passieren			
巡	patrouillieren			
頓	Pause			
亭	Pavillon			
迂	pedantisch			
鞭	Peitsche			
擺	Pendel			
啪	Peng!			
肽	Peptid			
了	Perfektsuffix			
顆	Perle		ZEW	d
珠	Perle		Kugelschreiber	w
們	Personen			
疫	Pest			
竿	Pfahl			
鐺	Pfanne			
椒	Pfeffer			
矢	Pfeil		Vektor	w
箭	Pfeil		Rakete	w
匹	Pferd		ZEW	d
馬	Pferd		Tier	d
桃	Pfirsich			
棵	Pflanze		ZEW	d
株	Pflanze		Baumstamm	a
植	pflanzen			
李	Pflaume			
責	Pflicht			
采	pflücken		simp	g
採	pflücken		trad	g
耕	pflügen		Ackerland	w
犁	pflügen		Pflug	a
杆	Pfosten		Geländer	w
柱	Pfosten		Betonfpeiler	w
鎊	Pfund Sterling			
菲	Philippinen			
磷	Phosphor			
鳳	Phönix		Ab	p
凰	Phönix		aB	p
疙	Pickel			
啄	picken			
嘰	piep piep		Vogel	d
丸	Pille			
乒	Pingpong		Ab	p
乓	Pingpong		aB	p
鑷	Pinzette			
策	Plan			
擬	planen			
板	Planke			
芭	Plantane			
嘮	plappern		Ab	p
叨	plappern		aB	p
噠	plappern		klappern	a
張	Platte		ZEW	d
台	Plattform		simp	g
臺	Plattform		trad	g
所	Platz			
擱	platzieren			
聊	plaudern			
就	plötzlich		Errungenschaft	w
驟	plötzlich		Maßnahme	w
霍	plötzlich		verschwenden	w
奪	plündern			
頰	Pobacken			
撲	pochen			
盃	Pokal			
極	Pol			
磋	polieren			
政	Politik			
警	Polizei			
藉	Polster			
髦	Pony		Haarschnitt	d
俗	populär			
蔥	Porree			
份	Portionen			
瓷	Porzellan			
暄	porös			
位	Position			
郵	Post			
幅	Poster		ZEW	d
柬	Postkarte			
勢	Potential			
便	praktisch			
價	Preis		Kurs	w
獎	Preis		Preisgeld	w
頌	preisen			
按	pressen			
私	privat			
權	Privileg			
試	probieren			
品	Produkt			
產	produzieren			
利	Profit			
項	Projekt			
彈	Projektil			
即	prompt			
妓	Prosituierte			
佑	protegieren			
錄	protokollieren			
骼	provisorisch			
惹	provozieren			
茂	prächtig			
劑	Präparat			
驗	prüfen		Klassenarbeit	w
鑑	prüfen		Gutachten	w
棍	Prügel			
刊	publizieren			
粉	Puder			
脈	Puls			
唧	pumpen			
點	Punkt			
眸	Pupille			
粹	pur			
擦	putzen			
氓	Pöbel			
淇	Qi		Fluss	d
秦	Qin Dynastie			
糗	Qiu			
質	Qualität			
汞	Quecksilber			
泉	Quelle			
烏	Rabe			
輪	Rad			
蘿	Radieschen			
饞	raffgierig			
狡	raffiniert			
框	Rahmen			
際	Rand			
銜	Rang		zusammenkoppeln	w
級	Rang		Jahrgang	w
徽	Rangabzeichen			
蔓	Ranke		Ansteckung	w
藤	Ranke		Kletterpflanze	w
迅	rapide			
罕	rar			
簌	rascheln			
刮	rasieren			
剃	Rasierer			
嘩	rasseln			
率	Rate			
猜	raten			
掠	rauben		plündern	w
劫	rauben		entführen	w
煙	Rauch			
室	Raum			
霜	Raureif			
算	rechnen			
帳	Rechnung			
右	rechts			
槓	Reck			
話	Rede			
減	reduzieren			
規	Regel			
雨	Regen			
虹	Regenbogen		Neon Ab	p
霓	Regenbogen		Neon aB	p
傘	Regenschirm			
治	regieren			
府	Regierungsbüro			
區	Region			
蹭	reiben		kratzen	a
摩	reiben		glattstreichen	w
界	Reich			
博	reichhaltig			
豐	reichlich		ausgiebig	w
闊	reichlich		ausgedehnt	w
富	Reichtum			
熟	reif			
列	Reihe			
韻	Reim			
潔	rein			
沐	reinigen		sich baden	w
滌	reinigen		Reinigungsmittel	w
淅	reinigen		Reis waschen	d
米	Reis			
粥	Reisbrei			
旅	Reise		Tourismus	w
趟	Reise		ZEW	d
稻	Reisfeld			
粽	Reiskloß			
騎	reiten			
淑	reizend			
撕	reißen		zerreißen	a
扽	reißen		herausziehen	a
墾	reklamieren			
較	relativ			
宗	Religion			
跑	rennen		joggen	w
奔	rennen		Benz	n
修	reparieren			
悌	Respekt vor dem großen Bruder			
敬	respektieren		Ehrerbietung	w
欽	respektieren		Bewunderung	w
尊	Respektsperson			
餘	Rest			
館	Restaurant			
救	retten			
描	retuschieren			
疚	Reue empfinden			
判	richten			
對	richtig			
方	Richtung			
聞	riechen		Nachricht	w
嗅	riechen		Geruchssinn	w
巨	riesig		unermesslich	w
碩	riesig		Master	w
牛	Rind			
環	Ring		Kreislauf	w
戒	Ring		Finger	d
枚	Ring		ZEW	d
摔	Ringen		Ab	p
跤	Ringen		aB	p
搏	ringen		Faustkampf	w
圍	ringsherum			
排	Rippe			
豁	Risse			
壯	robust		heldenhaft	w
勁	robust		kraftvoll	w
裙	Rock			
管	Rohr			
絮	Rohseide			
滚	rollen		kugeln	a
擀	rollen		Roulade	a
玫	Rose			
鏽	Rost			
銹	rosten			
紅	rot			
舵	Ruder			
划	rudern			
叫	rufen		den Namen	d
嚷	rufen		Lärm machen	a
靜	ruhig		nüchtern	w
謐	ruhig		friedlich	w
墟	Ruine			
顛	rumpeln			
圓	rund			
俄	Russland			
鄙	rustikal			
謎	Rätsel			
筒	Röhre			
背	Rücken			
椎	Rückenwirbel			
脊	Rückrat			
薩	Sa			
事	Sache			
袋	Sack			
汁	Saft			
說	sagen			
弦	Saite			
鹽	Salz			
咸	salzig		simp	g
鹹	salzig		trad	g
籽	Samen			
集	sammeln		Briefmarken	f
湊	sammeln		Informationen	f
匯	Sammlung			
砂	Sand			
柔	sanft			
棺	Sarg			
緞	Satin			
飽	satt			
句	Satz			
么	Satzpartikel			
憲	Satzung			
淨	sauber			
醬	Sauce			
氧	Sauerstoff			
嗦	saugen			
棋	Schach			
盒	Schachtel			
羊	Schaf			
辱	Schande		erniedrigen	w
恥	Schande		schamlos	w
辛	scharf		Radikal	g
辣	scharf		komplett	g
銳	scharf		stechend	a
敏	scharfsinnig			
朱	scharlachrot			
蔭	Schatten		vom Baum	f
影	Schatten		Film	w
哼	schauben			
瞧	schauen			
鏟	schaufeln			
蕩	schaukeln			
沫	Schaum			
片	Scheibe			
挫	scheitern			
肢	Schenkel			
贈	schenken			
剪	Schere			
畏	scheuen			
層	Schicht			
俏	schick			
命	Schicksal			
推	schieben			
斜	schief			
瞇	schielen			
軌	Schiene			
射	schießen			
船	Schiff		Ab	p
舶	Schiff		aB	p
凌	schikanieren			
干	Schild		alte Form	d
盾	Schild		Widerspruch	w
述	schildern			
龜	Schildkröte			
霉	Schimmel			
呵	schimpfen			
仗	Schlacht		formell	d
役	Schlacht		normal	d
宰	schlachten			
陣	Schlachtordnung			
睡	Schlaf		Mittagsschlaf	f
眠	Schlaf		Winterschlaf	f
懈	schlaff			
臥	Schlafzimmer			
猛	schlagartig			
打	schlagen			
泥	Schlamm			
渾	schlammig		von Kopf bis Fuß	w
濘	schlammig		Sumpf	w
巳	Schlange		im Tierkreis	d
蛇	Schlange		Tier	d
瘦	schlank			
猾	schlau			
壞	schlecht			
舔	schlecken			
拽	schleifen			
涕	Schleim		Nase	f
痰	Schleim		spucken	w
遨	schlendern			
甩	schleudern		schwingen	a
擲	schleudern		Granate	f
樸	schlicht			
關	schließen			
葛	Schlingpflanze			
鎖	Schloss			
峽	Schlucht			
泣	schluchzen			
吞	Schluck		Ab	p
咽	Schluck		aB	p
瞌	schläfrig			
棒	Schläger			
蜷	schlängeln			
鑰	Schlüssel			
窄	schmal		Breite	w
隘	schmal		engstirnig	w
捧	schmeicheln			
煉	schmelzen		Schmelze	w
熔	schmelzen		einschmelzen	a
痛	Schmerz			
疼	Schmerzen			
蝴	Schmetterling			
鍛	schmieden			
濁	schmutzig			
殼	Schneckengehäuse			
雪	Schnee			
刃	Schneide			
割	schneiden			
縫	Schneider			
快	schnell			
刻	schnitzen		Viertelstunde	a
琢	schnitzen		polieren	w
已	schon		aufhören	a
既	schon		beide	a
曾	schon einmal			
囪	Schornstein			
擰	schrauben			
噩	schrecklich			
吶	Schrei			
寫	schreiben			
翰	Schreibfeder			
吆	schreien			
文	Schrift			
字	Schriftzeichen			
步	Schritt			
逐	schrittweise			
縮	schrumpfen			
屜	Schubfach			
鞋	Schuh			
債	Schuld			
負	schulden			
校	Schule			
膊	Schulter			
槍	Schusswaffe			
弱	schwach			
燕	Schwalbe			
孕	schwanger			
徘	schwanken			
尾	Schwanz			
黑	schwarz		Schreibtafel	w
黎	schwarz		Paris	n
黛	schwarze Augenbrauenfarbe			
翔	schweben			
硫	Schwefel			
豬	Schwein		normal	d
亥	Schwein		Tierkreis	d
津	Schweiß			
焊	schweißen			
揮	schwenken		Dirigent	w
晃	schwenken		vorbeihuschen	a
艱	schwer			
劍	Schwert			
婿	Schwiegersohn			
媳	Schwiegertochter			
難	schwierig			
泳	schwimmen		aB	p
游	schwimmen		Ab	p
弊	Schwindel			
婭	Schwippschwager			
汗	schwitzen			
嫂	Schwägerin			
害	schädigen			
磨	schärfen			
紳	Schärpe			
麗	schön			
娥	Schönheit			
勺	Schöpfkelle			
羞	schüchtern			
碗	Schüssel		Schale	a
盎	Schüssel		antikes Gefäß	w
搖	schütteln		Rock'n'Roll	w
振	schütteln		schwingen	w
盪	schütteln		Erschütterung	w
保	schützen		Versicherung	w
捍	schützen		Verteidiger	w
六	sechs			
澱	Sediment			
湖	See			
靈	Seele		Ab	p
魂	Seele		aB	p
魄	Seele		Charisma	w
帆	Segel			
筋	Sehne			
很	sehr			
絲	Seide		Ab	p
綢	Seide		aB	p
糸	Seide		Radikal	g
蠶	Seidenspinner			
絹	Seidentuch			
皂	Seife			
繩	Seil			
是	sein			
旁	Seite		beidseitig	w
側	Seite		geneigt	a
淫	Seitensprung			
股	Sektion			
秒	Sekunde			
仲	sekundär			
自	selbst		Fahrrad	w
己	selbst		persönlich	a
稀	selten			
怪	seltsam			
芥	senffarben			
豎	senkrecht			
鐮	Sense			
端	servieren			
歎	seufzen			
莎	sha			
陝	Shaanxi			
蜀	Shuhan Reich			
拄	sich abstützen			
倚	sich anlehnen			
伍	sich anschließen			
努	sich anstrengen			
溶	sich auflösen			
悉	sich auskennen			
休	sich ausruhen			
在	sich befinden			
掙	sich befreien			
記	sich erinnern			
怖	sich erschrecken			
喜	sich freuen			
惦	sich Gedanken machen			
躺	sich hinlegen			
憧	sich sehnen			
戀	sich sehnen nach			
愁	sich sorgen			
敢	sich trauen			
顧	sich um etwas kümmern			
鞠	sich verbeugen			
裝	sich verkleiden		installieren	a
扮	sich verkleiden		eine Rolle spielen	w
恃	sich verlassen			
成	sich ändern in			
她	sie			
您	Sie			
篩	Sieb			
七	sieben		normal	d
柒	sieben		finanz.	d
勝	Sieg			
封	Siegel			
篆	Siegelschrift			
凱	siegestrunken			
署	signieren			
銀	Silber			
硅	Silizium			
唱	singen			
氏	Sippe			
座	Sitz			
坐	sitzen			
譜	Skala			
略	skizzenhaft			
奴	Sklave			
蠍	Skorpion			
雕	Skulptur			
倘	sofern			
且	sogar			
兒	Sohn			
兵	Soldat			
固	solide			
該	sollen			
夏	Sommer			
奇	sonderbar			
宋	Song			
日	Sonne			
旭	Sonnenaufgang			
葵	Sonnenblume			
篷	Sonnensegel			
緻	sorgfältig			
惜	sorgsam umgehen			
般	Sorte			
及	sowie			
隙	Spalt			
欄	Spalte			
省	sparen			
鍬	Spaten			
雀	Spatz			
矛	Speer			
輻	Speiche			
唾	Speichel			
屯	speichern			
食	speisen			
慷	spendabel			
捐	Spende			
特	speziell			
種	Spezies			
鑒	Spiegel		aus Bronze	d
鏡	Spiegel		Brille	w
映	spiegeln			
玩	spielen			
菠	Spinat			
蜘	Spinne		Ab	p
蛛	Spinne		aB	p
紡	spinnen			
諜	Spion			
捲	Spirale			
尖	spitz			
梢	Spitze		eines Astes	d
屎	spitzeln			
胞	Spore			
語	Sprache			
曰	sprechen			
糠	Spreu			
諺	Sprichwort			
跳	springen			
迸	spritzen			
苗	Spross		Impfstoff	a
秧	Spross		Setzling	d
莖	Sprossachse			
湧	sprudeln			
涎	Spucke			
蹤	Spur			
寡	spärlich			
沖	spülen			
邦	Staat			
籍	Staatszugehörigkeit			
支	Stab			
穩	stabil			
城	Stadtmauer			
鋼	Stahl			
樁	Stapel			
堆	stapeln			
僵	starr			
駐	Stationierung		Ab	p
紮	Stationierung		aB	p
堵	Stau			
塵	Staub		Staubsauger	w
埃	Staub		Ägypten	n
蕊	Staubbeutel			
叮	stechen		Mücke	d
戳	stechen		Stab	a
立	stehen			
盜	stehlen		Ab	p
竊	stehlen		aB	p
坂	Steigung			
峻	steil			
陀	Steilufer			
石	Stein			
印	Stempel			
蒂	Stengel			
被	Steppdecke			
死	sterben		Todesstrafe	w
逝	sterben		entschlafen	w
斃	sterben		erschießen	w
星	Stern			
繹	stetig			
稅	Steuer			
偷	stibitzen			
繡	sticken			
悶	stickig			
氮	Stickstoff			
靴	Stiefel			
筆	Stift			
式	Stil			
默	still			
哺	stillen			
派	Stilrichtung			
聲	Stimme			
腥	stinken			
臭	stinkend			
額	Stirn			
杖	Stock			
疋	Stoffballen			
傲	stolz			
矜	stolz sein			
塞	stopfen			
楂	Stoppeln			
止	stoppen			
擠	Stoß			
刑	Strafe		Todesstrafe	w
罰	Strafe		Geldstrafe	w
燦	strahlend			
浦	Strand			
濾	strapazieren			
街	Straße			
販	Straßenhändler			
彥	Streber			
途	Strecke			
琴	Streichinstrument			
罷	Streik			
紛	Streit			
嚴	streng			
江	Strom			
襪	Strumpf			
流	strömen			
蒼	Stubenfliege			
椅	Stuhl			
啞	stumm			
頑	stur			
楣	Sturz			
恆	ständig			
呻	stöhnen			
擾	stören		Belästigung	w
騷	stören		unzufrieden	w
段	Stück			
洶	stürmisch			
扶	stützen		Armenhilfe	w
撐	stützen		aufspannen	a
找	suchen		aB	p
尋	suchen		Ab	p
索	suchen		erforschen	w
覓	suchen		nachsehen	w
隋	Sui Dynastie			
總	summieren			
瘴	Sumpffieber			
湯	Suppe		wässrig	d
羹	Suppe		dickflüssig	d
符	Symbol			
制	System			
景	Szenerie			
播	säen		Rundfunk	w
稼	säen		Getreide	w
鋸	sägen			
轎	Sänfte			
酸	Säure			
嘆	säuseln			
嗜	süchtig sein			
南	Süden			
孽	Sünde			
甘	süß		benötigen	w
甜	süß		Dessert	w
糖	Süßigkeiten			
表	Tabelle			
諱	tabuisieren			
討	tadeln			
旦	Tagesanbruch		Silvester	w
曉	Tagesanbruch		Hahn kräht	f
晌	Tageszeit			
颱	Taifun			
婉	taktvoll			
谷	Tal		Schlucht	w
峪	Tal		in Namen	d
才	Talent			
曇	Tan			
唐	Tang		Dynastie	d
棠	Tang		Zierquitte	w
嬸	Tantchen			
姑	Tante		väterlich	d
姨	Tante		mütterlich	d
舞	tanzen			
笨	tapsig		Ab	p
拙	tapsig		aB	p
芋	Taro			
兜	Tasche			
帕	Taschentuch			
杯	Tasse			
鍵	Taste			
確	tatsächlich			
聾	taub			
鴿	Taube			
痺	Taubheitsgefühl			
潛	tauchen			
換	tauschen			
千	tausend			
毫	tausendstel			
班	Team			
茶	Tee		Teehaus	w
茗	Tee		Teeset	w
沼	Teich			
分	teilen			
盤	Teller			
寺	Tempel		Kloster	a
殿	Tempel		Palast	w
暫	temporär			
屆	Termin		ZEW	d
考	testen			
貴	teuer			
魅	Teufel			
篇	Text			
噻	Thiophen			
票	Ticket			
潮	Tide			
深	tief			
玄	tiefgründig			
隻	Tier			
虎	Tiger			
寅	Tigerjahr			
魷	Tintenfisch			
桌	Tisch			
几	Tischchen			
題	Titel			
廁	Toilette			
恕	Toleranz			
容	tolerieren			
柿	Tomate			
音	Ton			
噸	Tonne		Gewicht	d
缽	Tonschale			
鍋	Topf			
門	Tor			
提	tragen		aufheben	a
戴	tragen		Armbanduhr	f
挎	tragen		auf dem Arm	d
佩	tragen		einen Gürtel	d
練	trainieren			
調	transferieren			
運	transportieren			
徑	Trasse			
哀	Trauer			
悼	trauern			
夢	Traum			
悲	traurig		jammervoll	w
淒	traurig		kalt	a
蕭	traurig		trostlos	a
會	treffen			
隔	trennen			
階	Treppe			
踹	treten		stampfen	a
踢	treten		Fußball spielen	w
忠	treu			
貢	Tribut			
訣	Trick			
卦	Trigramm			
喝	trinken			
捷	Triumph			
乾	trocken		Keks	w
燥	trocken		eintönig	w
鼓	Trommel			
掉	tropfen		übersehen	w
滴	tropfen		Tropfen	a
寨	Trutzburg			
惰	träge			
梁	Träger			
淚	Träne			
瀝	träufeln			
慰	trösten			
布	Tuch		Wasserfall	w
袱	Tuch		Belastung	w
德	Tugend			
賢	tugendhaft			
頹	Tui			
瘤	Tumor			
做	tun		Geschäfte machen	w
作	tun		Arbeit	w
隧	Tunnel			
紊	turbulent			
塔	Turm			
墨	Tusche			
硯	Tuschstein			
傅	Tutor			
殺	töten			
潭	Tümpel			
戶	Tür			
扉	Türblatt			
青	türkis			
岸	Ufer		Küste	a
畔	Ufer		Feldrand	a
鐘	Uhr			
榆	Ulme			
抱	umarmen		adoptieren	a
擁	umarmen		Gedränge	w
翻	umblättern			
復	umdrehen			
梅	Ume-Pflaume			
周	Umfang			
捫	umfassen			
徜	umherstreifen		Ab	p
徉	umherstreifen		aB	p
披	umhängen			
廓	Umriss			
扳	umschalten			
況	Umstände			
化	umwandeln			
搬	umziehen		umstellen	a
徙	umziehen		Wohnung	d
酷	unbarmherzig			
謾	unbedeutend			
必	unbedingt			
橫	unbändig			
和	und			
坷	uneben			
徊	unentschlossen		schwanken	w
幼	unerfahren			
竟	unerwartet			
匈	Ungarn			
概	ungefähr			
龐	ungeheuer			
屈	Ungerechtigkeit		beugen	a
冤	Ungerechtigkeit		vergebens	w
彆	ungeschickt			
勃	ungestüm			
異	ungewöhnlich			
怠	unhöflich			
宙	Universeum			
惚	unklar			
簡	unkompliziert			
邪	unrecht			
仙	unsterblich			
腹	Unterleib			
教	unterrichten			
辨	unterscheiden			
簽	unterschreiben			
助	unterstützen		Hilfskraft	w
援	unterstützen		absichern	w
覈	untersuchen		Variante 核	g
檢	untersuchen		Selbstkritik	w
診	Untersuchung		Arzt	d
剋	unterwerfen			
軒	untrennbares Morphem			
禿	unverblümt			
濃	unverdünnt			
純	unvermischt			
忽	unvermittelt			
胡	unüberlegt			
鈾	Uran			
尿	Urin			
券	Urkunde			
因	Ursache			
源	Ursprung			
原	ursprünglich			
茫	vage		unendlich weit	w
恍	vage		geistesabwesend	w
傢	Variante von 家			
父	Vater		Radikal	g
爸	Vater		komplett	g
素	vegetarisch			
閥	Ventil			
約	Verabredung			
厭	verabscheuen			
司	Verantwortung übernehmen			
盡	verausgaben			
藏	verbergen		Vorkommen	w
昧	verbergen		unwissend	w
防	verbeugen			
歪	verbiegen			
禁	verbieten		ertragen	a
締	verbieten		unterzeichnen	w
連	verbinden			
訝	verblüfft			
焦	verbrannt			
耗	verbrauchen			
辜	Verbrechen			
罪	Verbrecher			
燃	verbrennen			
聯	Verbund			
嫌	Verdacht			
蒸	verdampfen			
糟	verderben			
講	verdeutlichen			
績	Verdienst			
愣	verdutzt			
淡	verdünnt			
崇	verehren			
社	Vereinigung			
衰	verfallen		Rezession	w
萎	verfallen		Schwund	w
著	verfassen			
爛	verfault			
追	verfolgen			
誘	verführen			
昔	vergangen			
諒	vergeben		Freispruch	w
饒	vergeben		reichhaltig	a
枉	vergebens			
忘	vergessen			
比	vergleichen			
瞞	verheimlichen			
禎	verheißungsvoll			
杜	verhindern			
譏	verhöhnen			
冶	verhütten			
賣	verkaufen		Verrat	w
售	verkaufen		Schaffner	w
攤	Verkaufsstand			
緒	verketten			
求	verlangen nach			
離	verlassen		Scheidung	w
撂	verlassen		aufhören	a
尷	verlegen		Ab	p
尬	verlegen		aB	p
誣	verleumden		etwas anhängen	w
讒	verleumden		übel nachreden	a
誹	Verleumdung		Ab	p
謗	Verleumdung		aB	p
輸	verlieren		Turnier	d
失	verlieren		Gegenstand	d
丟	verlieren		Gesicht verlieren	w
迷	verloren sein			
增	vermehren			
避	vermeiden		kugelsicher	f
免	vermeiden		kostenlos	w
拌	vermengen			
淆	vermischen		Verseuchung	w
攙	vermischen		stützen	w
雜	vermischt			
財	Vermögen			
曠	vernachlässigen			
滅	vernichten			
叛	Verrat			
腐	verrottet			
奸	Verräter			
狂	verrückt			
聚	versammeln			
移	verschieben		Einwanderung	w
挪	verschieben		Norwegen	n
朧	verschleiert vom Mondlicht			
拖	verschleppen			
抹	verschmieren			
捆	verschnüren			
癟	verschrumpelt			
侈	verschwenderisch			
亡	verschwinden			
寄	versenden			
沉	versenken			
供	versorgen			
閡	versperren			
嘲	verspotten		auslachen	a
諷	verspotten		Karikatur	f
許	versprechen		vielleicht	w
諾	Versprechen		Verpflichtung	w
崴	verstauchen			
懂	verstehen			
鞏	verstärken			
坎	Vertiefung			
契	Vertrag			
遣	vertreiben			
掩	vertuschen			
親	verwandt			
戚	Verwandtschaft			
混	verwechseln			
繚	verworren			
摧	verwüsten			
惱	verärgert			
經	via			
多	viel			
諸	viele			
四	vier		normal	d
肆	vier		finanz.	d
墅	Villa			
紫	violett			
副	Vize			
鳥	Vogel			
鳴	Vogelgesang			
啁	Vogelgezwitscher			
雛	Vogeljunges			
民	Volk			
彌	voll			
彬	vollendet			
整	vollständig			
幸	vom Glück begünstigt			
從	von			
前	vor			
先	voraus			
備	vorbereiten		Ausrüstung	w
籌	vorbereiten		Beschaffung	w
隱	vorborgen			
襟	Vorderteil eines Kleidungsstücks			
蔔	Vorhersage			
頃	vorhin			
念	vorlesen		lernen	a
誦	vorlesen		rezitieren	a
濤	Vorname			
郊	Vorort			
墊	vorschießen		Geld	d
吧	Vorschlag			
嚀	vorschreiben			
程	Vorschrift			
謹	vorsichtig		zurückhaltend	w
惕	vorsichtig		aufpassen	w
齜	vorstehende Zähne			
益	Vorteil			
兆	Vorzeichen			
俱	völlig			
秤	Waage			
哨	Wache			
滋	wachsen			
轍	Wagenspur			
廂	Waggon			
哇	Wah!			
實	wahr			
卜	Wahrsagerei			
孤	Waisenkind			
林	Wald			
鯨	Walfisch			
壘	Wall			
腮	Wange			
盆	Wanne			
貨	Ware			
溫	warm			
善	warmherzig			
誡	Warnung			
等	warten			
候	warten auf			
怎	Warum?			
何	Was?		beliebig	w
啥	Was?		Wer?	a
咋	Was?		abnagen	a
洗	waschen		Waschmaschine	w
淘	waschen		frech	w
水	Wasser			
瀑	Wasserfall			
萍	Wasserlinse			
汪	Wassermassen			
氫	Wasserstoff			
織	weben			
鬧	Wecker			
道	Weg		wissen	w
路	Weg		Stromkreis	w
消	weggehen			
搶	wegschnappen			
扔	wegwerfen			
颳	wehen		windig	w
靡	wehen		extravagant	w
吟	wehklagen			
魏	Wei			
雌	weiblich			
軟	weich			
柳	Weide			
牧	weiden			
哭	weinen		wehklagen	w
嗚	weinen		'schluchz'	d
葡	Weintraube		Ab	p
萄	Weintraube		aB	p
哲	weise			
寬	weit		geräumig	w
疏	weit		Unachtsamkeit	w
野	weite Landschaft			
仍	weiterhin sein			
綽	weitläufig			
廣	weitreichend			
白	weiß			
萊	Weißer Gänsefuß			
哪	welches			
蔫	welken			
波	Welle		Radiowelle	w
浪	Welle		Brandung	w
磯	Wellenbrecher			
宇	Weltraum			
轉	wenden			
少	wenig			
誰	wer			
投	werfen			
具	Werkzeug		Möbel	w
械	Werkzeug		Mechanik	w
值	Wert			
尚	wertschätzen			
珍	wertvoll			
西	Westen			
爭	wetteifern			
賽	Wettkampf			
重	wichtig			
駁	widerlegen			
攘	widersetzen			
禦	widerstehen			
逆	widrig			
如	wie			
幾	wie viele			
豈	wie?			
又	wieder		Vergangenheit	d
再	wieder		Zukunft	d
認	wiedererkennen			
恢	wiederherstellen			
屢	wiederholt			
磅	wiegen			
嘶	wiehern			
雁	Wildgans			
狸	Wildkatze			
風	Wind			
轆	winden			
招	winken			
冬	Winter			
咱	wir		ich und du	d
飆	Wirbelsturm			
知	wissen			
科	Wissenschaft			
週	Woche			
愜	Wohlbehaben			
住	wohnen		im Krankenhaus	w
居	wohnen		Nachbar	w
舍	Wohnheim			
寓	Wohnort			
宅	Wohnung			
狼	Wolf			
云	Wolke		Radikal	g
雲	Wolke		komplett	g
晴	wolkenlos			
要	wollen			
禧	Wonne			
言	Wort		Radikal	g
詞	Wort		komplett	g
吳	Wu		Wu	n
梧	Wu		Phönixbaum	n
傷	Wunde			
妙	wunderbar			
願	Wunsch			
本	Wurzel		Radikal	g
根	Wurzel		komplett	g
選	wählen		auswählen	w
撥	wählen		Telefon	d
拱	wölben			
嗆	würgen			
漠	Wüste			
憤	wütend		Ab	p
怒	wütend		aB	p
羲	Xi			
釁	Xin			
陽	Yang			
堯	Yao			
咦	Yi		Überraschung	d
羿	Yi		Name	d
攸	You			
于	Yu		Nachname	d
禹	Yu		der Große	d
袁	Yuan			
之	Z			
怯	zaghaft			
繳	zahlen			
牙	Zahn		Ab	p
齒	Zahn		aB	p
吵	zanken			
嬌	zart		fragil	a
嫩	zart		Fleisch	f
艷	zauberhaft			
囗	Zaun			
十	zehn		normal	d
拾	zehn		finanz.	d
丈	zehn Fuß			
萬	zehntausend			
什	zehnter			
圖	Zeichnung			
示	zeigen			
時	Zeit			
期	Zeitraum			
報	Zeitung			
幕	Zelt			
跡	zensieren			
央	Zentrum			
破	zerbrechen			
碎	zerbrochen			
禮	Zeremonie			
皺	zerknittern			
拆	zerlegen			
研	zermahlen			
扯	zerreißen			
砸	zerschlagen			
切	zerschneiden			
裂	zersplittern			
撒	zerstreuen			
殘	zerstören		Krüppel	w
燬	zerstören		abbrennen	w
踩	zertrampeln		drauftreten	a
跆	zertrampeln		Taekwondo	n
踏	zertreten			
蓬	zerzaust			
趙	Zhao			
浙	Zhejiang			
鑄	Zhu			
磚	Ziegelstein			
拉	ziehen		Geige spielen	a
牽	ziehen		zur Folge haben	w
挽	ziehen		retten	w
搐	ziehen		Krampf	w
旨	Ziel			
瞄	zielen			
碼	Ziffer			
蟬	Zikade			
屋	Zimmer			
鋅	Zink			
錫	Zinn			
喳	zirp zirp			
噪	zirpen			
檸	Zitrone		Ab	p
檬	Zitrone		aB	p
哆	zittern			
慄	zitternd			
寸	Zoll		chin.	d
吋	Zoll		engl.	d
遲	zu spät			
蔗	Zuckerrohr			
據	zufolge			
偶	zufällig			
隸	zugeneigt			
聆	zuhören			
添	Zunahme			
恤	Zuneigung			
舌	Zunge			
返	zurück			
還	zurückgeben			
攔	zurückhalten		behindern	a
遏	zurückhalten		sich …	d
歸	zurückkehren			
回	zurückkommen			
遺	zurücklassen			
退	zurücktreten			
卻	zurückweisen			
統	zusammen			
扎	zusammenbinden			
崩	zusammenfallen			
綜	Zusammenfassung			
召	zusammenrufen			
拼	zusammensetzen			
撞	zusammenstoßen			
肯	zustimmen			
帖	zuverlässig			
豫	zuvor			
廿	zwanzig			
二	zwei		normal	d
兩	zwei		+ ZEW	d
貳	zwei		finanz.	d
乎	Zweifel			
條	Zweig			
曖	zwielichtig			
脅	zwingen		Oberkörper	w
迫	zwingen		dringlich	a
逼	zwingen		Druck ausüben	a
挾	zwingen		unter dem Arm halten	a
眨	zwinkern		zwinkern	a
瞬	zwinkern		Augeblick	w
捻	zwirbeln			
介	zwischen			
啾	zwitschern			
柏	Zypresse			
漿	zähe Flüssigkeit			
稠	zähflüssig			
躊	zögern		Ab	p
躇	zögern		aB	p
畜	züchten			
勒	zügeln			
似	ähneln			
肖	ähnlich		Portrait	w
像	ähnlich		Abbild	w
彿	ähnlich		Anschein	w
穗	Ähre			
姐	ältere Schwester			
哥	älterer Bruder		Boss	w
兄	älterer Bruder		Blutsbrüder	f
變	ändern			
悻	Ärger			
袖	Ärmel			
蝕	ätzen			
郭	äußere Stadtmauer			
荒	öde			
公	öffentlich			
睜	öffnen		Augen	d
開	öffnen		fahren	a
油	Öl			
膩	ölig			
歹	übel			
習	üben			
臨	überblicken			
襲	überfallen			
滔	überfluten			
澇	überflutet			
冗	überflüssig		redundant	a
交	übergeben			
澆	übergießen			
越	überholen			
舊	überholt			
漫	überlaufen			
太	übermäßig			
宿	übernachten			
渡	überqueren		Wasser	d
濟	überqueren		Wirtschaft	w
詫	überrascht			
奉	überreichen			
渣	Überreste			
超	überschreiten		Extraklasse	w
跨	überschreiten		multinational	w
剩	Überschuss			
抄	übersetzen		kopieren	a
譯	übersetzen		Dolmetscher	w
踴	überspringen			
逾	übersteigen			
授	übertragen			
蟄	überwintern			
余	übrig			
欻	„chua“			
伽	„ga“			
噷	„hm“			
哼	„hng?“			
咯	„lo“			
呣	„m“			
唔	„ng“			
嗯	„n“			
喔	„Oh!“			
喲	„yo“			
